{"Train Mean": 0.82412, "Train Std": 0.00087, "Val Mean": 0.81883, "Val Std": 0.00198}