{"F1 Train": 0.82743, "F1 Validation": 0.81405}