{"0":{"fit_time":0.2140212059,"score_time":0.0377738476,"test_accuracy":0.8703400847,"train_accuracy":0.8743749148,"test_precision":0.8510067114,"train_precision":0.8581751378,"test_recall":0.7884680611,"train_recall":0.7922213743,"test_f1":0.8185446009,"train_f1":0.8238804215,"test_roc_auc":0.9453423433,"train_roc_auc":0.94941244},"1":{"fit_time":0.2073290348,"score_time":0.0383269787,"test_accuracy":0.867824045,"train_accuracy":0.8747313575,"test_precision":0.8470071925,"train_precision":0.8567513247,"test_recall":0.7855285472,"train_recall":0.7952175019,"test_f1":0.8151102769,"train_f1":0.8248383834,"test_roc_auc":0.9443520024,"train_roc_auc":0.9492299615},"2":{"fit_time":0.173684597,"score_time":0.0423836708,"test_accuracy":0.8717658406,"train_accuracy":0.8733684884,"test_precision":0.8534261634,"train_precision":0.8542325468,"test_recall":0.789937818,"train_recall":0.7940868877,"test_f1":0.820455613,"train_f1":0.8230623874,"test_roc_auc":0.9463452546,"train_roc_auc":0.9489393771},"3":{"fit_time":0.1686470509,"score_time":0.0377702713,"test_accuracy":0.8711368306,"train_accuracy":0.8735886442,"test_precision":0.8494792928,"train_precision":0.8543040321,"test_recall":0.7931034483,"train_recall":0.7947087255,"test_f1":0.8203239198,"train_f1":0.8234294919,"test_roc_auc":0.9459665902,"train_roc_auc":0.9493441379},"4":{"fit_time":0.1667585373,"score_time":0.0380623341,"test_accuracy":0.8706701334,"train_accuracy":0.8748794398,"test_precision":0.848583878,"train_precision":0.8555181512,"test_recall":0.7927408412,"train_recall":0.7973148672,"test_f1":0.8197123816,"train_f1":0.8253917165,"test_roc_auc":0.943652259,"train_roc_auc":0.9495134557},"mean_folds5":{"fit_time":0.1860880852,"score_time":0.0388634205,"test_accuracy":0.8703473868,"train_accuracy":0.8741885689,"test_precision":0.8499006476,"train_precision":0.8557962385,"test_recall":0.7899557432,"train_recall":0.7947098713,"test_f1":0.8188293584,"train_f1":0.8241204801,"test_roc_auc":0.9451316899,"train_roc_auc":0.9492878744},"std":{"fit_time":0.0203130736,"score_time":0.0017722198,"test_accuracy":0.0013495707,"train_accuracy":0.0006064798,"test_precision":0.0021879737,"train_precision":0.0015046924,"test_recall":0.0028099253,"train_recall":0.0016507222,"test_f1":0.0019784237,"train_f1":0.0008701816,"test_roc_auc":0.0010010795,"train_roc_auc":0.0001971666}}