{"F1 Train": 0.83054, "F1 Validation": 0.81534}