{"F1 Train": 0.83688, "F1 Validation": 0.81634}